{"val_loss": [0.3889263258197091, 0.1859017923745242, 0.13694575350392948, 0.14061231605031274, 0.10918302614580501, 0.10144320233301683, 0.11498441721228037, 0.09371660710735755, 0.11192910598082977, 0.09712428145787932, 0.11742728786035017, 0.1052450008419427, 0.10118042698638005, 0.11562404742295092, 0.09388926016336138], "val_acc": [0.8225454571030356, 0.9436363593014804, 0.9556363608620384, 0.9476363643732938, 0.9636363671042703, 0.9647272734208541, 0.9596363665840842, 0.9669090903889049, 0.9567272725972262, 0.9636363653703169, 0.9549090914292769, 0.9647272742878307, 0.9669090955907649, 0.9592727305672385, 0.9643636400049383], "loss": [0.5607324726017704, 0.22444763419560723, 0.16888479754367033, 0.14907646225166812, 0.13564991874376114, 0.1205476285712578, 0.11867418586441668, 0.1113536590590575, 0.1013223496588919, 0.09491264030988542, 0.0882551711445296, 0.08994222886304928, 0.07702367411864142, 0.07466991856732527, 0.07205496944851005], "acc": [0.7248714607601607, 0.9176092435890727, 0.939652946583716, 0.9452442105447725, 0.9472364959496152, 0.9536632299423218, 0.9551413868264245, 0.958290489596389, 0.9629820079607339, 0.9628534672499316, 0.9663881775958986, 0.9657455072917791, 0.9704370183013092, 0.9715295711335915, 0.9726863806842225]}